dias;S;I;R;N
0;999.0;1.0;0.0;1000.0
1;996.003;3.0968999999999998;0.9001000000000002;1000.0
2;986.7494349279001;9.579399550469999;3.6711655216300008;1000.0000000000001
3;958.3920336477755;29.453041536701384;12.15492481552317;1000.0
4;873.7093525213606;88.81085960699482;37.479787871644646;1000.0000000000002
5;640.9247165890819;252.00861199082772;107.06667142009047;1000.0
6;156.3690719343944;591.9091546798988;251.72177338570677;1000.0000000000001
7;-121.29978362590867;787.9509403779025;333.34884324800623;1000.0
8;165.43505210110385;589.448744017848;245.1162038810483;1000.0
9;-127.11139893146486;795.8478568315576;331.26354209990734;1000.0000000000001
10;176.37260432393754;585.5945785748436;238.032817101219;1000.0000000000002
11;-133.47591837973397;804.0452452427497;329.43067313698435;1000.0
12;188.4861142031694;580.8326532477075;230.6812325491232;1000.0000000000002
13;-139.95055523576252;812.2336202946542;327.7169349411084;1000.0
14;201.06708318840862;575.6584921919098;223.2744246196817;1000.0
15;-146.1708386245852;820.1588487903906;326.01198983419465;1000.0000000000001
16;213.4790815746121;570.5178537106699;216.00306471471808;1000.0000000000001
17;-151.90180072160604;827.6579810467445;324.24381967486175;1000.0000000000002
18;225.2664123862221;565.7307682672918;209.0028193464863;1000.0000000000001
19;-157.0540092459999;834.6703580156982;322.38365123030184;1000.0000000000002
20;236.21096912947866;561.4516556559201;202.33737521460125;1000.0
21;-161.65214997602703;841.2154237510497;320.4367262249775;1000.0000000000002
22;246.3006955510284;557.6911469943846;196.0081574545871;1000.0
23;-165.77845667107482;847.3529358199537;318.4255208511212;1000.0000000000001
24;255.64012919673388;554.3784024643278;189.9814683389384;1000.0
25;-169.52397009284516;853.1487267796192;316.37524331322606;1000.0000000000001
26;264.36350763716615;551.4217208316508;184.21477153118326;1000.0000000000002
27;-172.96383328196612;858.6573706979923;314.30646258397394;1000.0000000000001
28;272.5861776532506;548.7424638358984;178.6713585108511;1000.0000000000001
29;-176.15265454591338;863.918946138075;312.23370840783855;1000.0000000000001
30;280.3921924782762;546.2837376506748;173.32406987104918;1000.0000000000002
31;-179.12889226702418;868.9621298635739;310.16676240345055;1000.0000000000002
32;287.83977896634383;544.0065987319838;168.15362230167264;1000.0000000000002
33;-181.92043843939632;873.808126917985;308.11231152141164;1000.0000000000002
34;294.9702342430861;541.8838587170219;163.14590703989217;1000.0000000000002
35;-184.5485919718359;878.4734663721092;306.0751255997268;1000.0000000000001
36;301.81453193893617;539.8954822985943;158.2899857624697;1000.0000000000002
37;-187.03037491875318;882.9716314885404;304.05874343021287;1000.0000000000001
38;308.3971709210215;538.0259064600816;153.57692261889707;1000.0000000000002
39;-189.3798313825004;887.313974469657;302.0658569128437;1000.0000000000002
40;314.7382812226993;536.2625743837631;148.9991443935378;1000.0000000000002
41;-191.60880161411728;891.5102620946927;300.0985395194247;1000.0000000000002
42;320.85483722583774;534.5950915003043;144.55007127385804;1000.0000000000001
43;-193.72742596934813;895.5690312868988;298.1583946824494;1000.0000000000001
44;326.76142365787246;533.0146930686997;140.22388327342804;1000.0000000000002
45;-195.74449615520427;899.4978371942454;296.24665896095894;1000.0000000000001
46;332.47075664764634;531.5138823257043;136.01536102664934;1000.0
47;-197.66771122901866;903.3034342062839;294.3642770227347;1000.0
48;337.9940559255872;530.0861722570583;131.91977181735461;1000.0
49;-199.50387012811052;906.9919122687458;292.5119578593649;1000.0000000000001
50;343.3413198894209;528.7258949649394;127.93278514563988;1000.0000000000001
51;-201.2590200215119;910.5688020739381;290.69021794757396;1000.0000000000001
52;348.5215342811765;527.4280572215105;124.05040849731316;1000.0000000000001
53;-202.93857289616642;914.0391578649048;288.8994150312618;1000.0000000000002
54;353.5428339087863;526.1882286788544;120.26893741235952;1000.0000000000002
55;-204.54739870091373;917.4076237136769;287.13977498723716;1000.0000000000003
56;358.4126302361442;525.0024538089078;116.58491595494829;1000.0000000000003
57;-206.08990081409718;920.6784873338624;285.41141348023507;1000.0000000000003
58;363.13771359482905;523.8671814816023;112.99510492356893;1000.0000000000002
59;-207.57007793696027;923.8557243166854;283.71435362027523;1000.0000000000003
60;367.72433615980356;522.7792079072165;109.49645593298027;1000.0000000000002
61;-208.99157539768373;926.9430348929473;282.04854050473693;1000.0000000000005
62;372.1782801008777;521.735629873604;106.08609002551879;1000.0000000000005
63;-210.35772808024046;929.9438747807427;280.4138532994982;1000.0000000000005
64;376.5049141427976;520.7338060295308;102.76127982767204;1000.0000000000005
65;-211.6715966484046;932.8614812957918;278.8101153526132;1000.0000000000005
66;380.7092409446236;519.7713245375498;99.519434517827;1000.0000000000005
67;-212.93599834379302;935.6988956255643;277.23710271822915;1000.0000000000005
68;384.7959371238494;518.8459758270532;96.35808704909792;1000.0000000000005
69;-214.15353335007774;938.458981966417;275.6945513836613;1000.0000000000006
70;388.76938732659755;517.9557294732309;93.27488320017216;1000.0000000000007
71;-215.32660750222908;941.1444440727379;274.1821634294919;1000.0000000000007
72;392.633713433033;517.0987144448471;90.26757212212053;1000.0000000000007
73;-216.45745195875065;943.7578396537499;272.69961230500144;1000.0000000000007
74;396.39279975388695;516.2732021259949;87.33399812011885;1000.0000000000007
75;-217.54814033199557;946.3015929670677;271.2465473649286;1000.0000000000007
76;400.0503148975762;515.4775916396848;84.4720934627397;1000.0000000000007
77;-218.60060367672406;948.7780058912199;269.82259778550485;1000.0000000000007
78;403.6097308523333;514.7103970950582;81.67987205260928;1000.0000000000008
79;-219.61664366296884;951.189267707148;268.4273759558215;1000.0000000000007
80;407.0743397232742;513.9702364526731;78.9554238240533;1000.0000000000007
81;-220.5979442008869;953.5374637775496;267.0604804233378;1000.0000000000006
82;410.4472684826784;513.2558217590864;76.2969097582357;1000.0000000000005
83;-221.54608173887004;955.8245832802354;265.7214984586352;1000.0000000000006
84;413.7314920274033;512.5659505466916;73.7025574259057;1000.0000000000007
85;-222.4625344189776;958.0525261254447;264.4100082935335;1000.0000000000007
86;416.9298447861329;511.8994982303837;71.17065698348395;1000.0000000000005
87;-223.34869024374677;960.2231091659203;263.12558107782684;1000.0000000000003
88;420.045031078213;511.2554113610831;68.69955756070433;1000.0000000000005
89;-224.20585438399917;962.3380717913168;261.8677825926828;1000.0000000000005
90;423.07963439266837;510.6327016191924;66.28766398813966;1000.0000000000005
91;-225.035255737297;964.3990809844422;260.63617475285525;1000.0000000000005
92;426.03612572914756;510.03044044972233;63.93343382113062;1000.0000000000005
93;-225.83805283024367;966.4077359052367;259.43031692500756;1000.0000000000006
94;428.91687112052546;509.44775425611823;61.63537462335697;1000.0000000000007
95;-226.61533914421238;968.3655720587888;258.2497670854242;1000.0000000000006
96;431.7241384388326;508.8838200823673;59.39204147880062;1000.0000000000005
97;-227.36814793273322;970.2740650956903;257.0940828370435;1000.0000000000006
98;434.46010357118075;508.3378617233882;57.2020347054316;1000.0000000000006
99;-228.0974565893066;972.1346342863549;255.96282230295236;1000.0000000000007
100;437.1268560399733;507.8091462122992;55.063997747728166;1000.0000000000007
101;-228.80419061640316;973.9486457052799;254.85554491112387;1000.0000000000006
102;439.72640413121246;507.2969806404438;52.976615228344286;1000.0000000000006
103;-229.4892272397185;975.71741515651;253.77181208320897;1000.0000000000005
104;442.26067958609076;506.8007092720359;50.938611141873764;1000.0000000000005
105;-230.1533987059994;977.4422108675037;252.71118783849602;1000.0000000000003
106;444.7315419035871;506.3197109204723;48.94874717594112;1000.0000000000005
107;-230.79749529793332;979.1242559751995;251.67323932273428;1000.0000000000005
108;447.14078229565234;505.8533965576189;47.00582114672909;1000.0000000000003
109;-231.4222680954074;980.7647308251237;250.6575372702841;1000.0000000000005
110;449.4901273311882;505.40120713111435;45.10866553769799;1000.0000000000006
111;-232.0284315089142;982.3647751018942;249.6636564070206;1000.0000000000007
112;451.78124230058506;504.96261156780605;43.25614613160948;1000.0000000000007
113;-232.6166656077686;983.9254898072702;248.6911758004989;1000.0000000000005
114;454.0157343286046;504.53710494420625;41.4471607271897;1000.0000000000006
115;-233.18761826321145;985.447939100078;247.73967916313404;1000.0000000000006
116;456.19515526020075;504.12420680705753;39.6806379327422;1000.0000000000005
117;-233.74190712411269;986.9331520106646;246.80875511344865;1000.0000000000006
118;458.321004340841;503.7234596292074;37.95553602995216;1000.0000000000005
119;-234.28012144106322;988.3821240411808;245.8979973998831;1000.0000000000007
120;460.3947307105683;503.3344273875965;36.27084190183584;1000.0000000000007
121;-234.80282375284355;989.7958186617136;245.00700509113048;1000.0000000000006
122;462.41773572874;502.9566942517636;34.625570019496934;1000.0000000000007
123;-235.31055144779816;991.175168711264;244.13538273653472;1000.0000000000005
124;464.39137514463755;502.58986337247654;33.01876148288642;1000.0000000000005
125;-235.80381821126218;992.5210777115798;243.28274049968286;1000.0000000000005
126;466.31696112737995;502.23355576131587;31.449483111304573;1000.0000000000005
127;-236.28311536906608;993.8344211010685;242.448694267998;1000.0000000000005
128;468.19576416725226;501.8874092529567;29.916826579791575;1000.0000000000005
129;-236.7489131360793;995.1160473952539;241.63286574082593;1000.0000000000005
130;470.02901485921325;501.5510775428213;28.41990759796593;1000.0000000000005
131;-237.20166177787428;996.3667792796214;240.83488249825336;1000.0000000000005
132;471.8179055783097;501.2242292934973;26.957865128193475;1000.0000000000005
133;-237.64179269277145;997.5874146401143;240.05437805265757;1000.0000000000005
134;473.56359205570016;500.906547304018;25.529860640282237;1000.0000000000003
135;-238.0697194208276;998.778727536046;239.29099188478207;1000.0000000000005
136;475.2671948631654;500.5977277366779;24.135077400157144;1000.0000000000005
137;-238.4858385856911;999.9414691197421;238.54436946594942;1000.0000000000005
138;476.92980081319786;500.29747939659376;22.772719790208868;1000.0000000000005
139;-238.8905307746894;1001.0763685068301;237.8141622678598;1000.0000000000006
140;478.55246428109626;500.00552305968404;21.442012659220154;1000.0000000000005
141;-239.28416136201463;1002.184133600735;237.10002776128016;1000.0000000000005
142;480.13620845489265;499.7215908451507;20.14220069995713;1000.0000000000005
143;-239.6670812794208;1003.2654518746247;236.40162940479678;1000.0000000000007
144;481.6820265183908;499.4454256289252;18.872547852684733;1000.0000000000008
145;-240.03962773845194;1004.3209911137603;235.71863662469238;1000.0000000000008
146;483.1908827721285;499.1767804948625;17.632336733009737;1000.0000000000008
147;-240.40212490785643;1005.351400120954;235.050724786903;1000.0000000000007
148;484.66371369664137;498.91541822076675;16.42086808259242;1000.0000000000006
149;-240.75488454952801;1006.3573093876079;234.3975751619207;1000.0000000000006
150;486.10142896203354;498.6611107965844;15.237460241382536;1000.0000000000006
151;-241.09820661601032;1007.3393317325908;233.75887488341988;1000.0000000000005
152;487.5049123874836;498.4136389723634;14.081448640153496;1000.0000000000005
153;-241.43237981236314;1008.298062911045;233.13431690131856;1000.0000000000005
154;488.87502285406515;498.1727918337459;12.952185312189187;1000.0000000000002
155;-241.75768212492278;1009.2340821950135;232.52359992990966;1000.0000000000003
156;490.21259517389797;497.93836640301316;11.849038423089212;1000.0000000000005
157;-242.07438131931917;1010.1479529276698;231.92642839164958;1000.0000000000002
158;491.5184409185081;497.710167263788;10.77139181770417;1000.0000000000002
159;-242.38273540985278;1011.0402230527361;231.34251235711693;1000.0000000000002
160;492.79334920887686;497.4880062077867;9.718644583336697;1000.0000000000002
161;-242.68299310226837;1011.9114256206306;230.77156748163807;1000.0000000000002
162;494.0380874697257;497.27170190194886;8.690210628325673;1000.0000000000002
163;-242.97539421163742;1012.762079272656;230.21331493898168;1000.0000000000002
164;495.2534021499762;497.06107957470476;7.685518275319396;1000.0000000000003
165;-243.26017005716164;1013.5926887046043;229.6674813525576;1000.0000000000002
166;496.4400194117716;496.8559707198194;6.704009868409145;1000.0000000000001
167;-243.5375438352337;1014.4037451108189;229.1337987244149;1000.0000000000001
168;497.5986457894202;496.6562128169702;5.745141393609771;1000.0000000000001
169;-243.80773097245924;1015.1957266100112;228.6120043624481;1000.0
170;498.72996882071254;496.4616490674431;4.808382111844509;1000.0000000000001
171;-244.07093945954375;1015.9690986535617;228.10184080598228;1000.0000000000002
172;499.8346576511783;496.27212814465656;3.893214204165332;1000.0000000000002
173;-244.32737016783994;1016.7243144176621;227.60305575017804;1000.0000000000002
174;500.91336361426227;496.0875039575245;2.999132428213386;1000.0000000000002
175;-244.5772171488395;1017.4618151795921;227.11540196924759;1000.0000000000002
176;501.96672078665506;495.9076354272896;2.125643786055548;1000.0000000000002
177;-244.82066791884688;1018.1820306797881;226.63863723905897;1000.0000000000002
178;502.9953465231339;495.7323862748734;1.2722672019929462;1000.0000000000002
179;-245.0579037280762;1018.8853794692635;226.17252425881296;1000.0000000000002
180;503.9998419676933;495.56162482108493;0.4385332112219942;1000.0000000000002
181;-245.28909981754714;1019.572269244833;225.71683057271426;1000.0000000000001
182;504.9807925484495;495.395223794545;-0.37601634299440434;1000.0000000000001
183;-245.51442566100798;1020.2430971702838;225.2713284907244;1000.0000000000002
184;505.93876844810256;495.2330601531527;-1.171828601255072;1000.0000000000002
185;-245.73404519791086;1020.8982501877977;224.83579501011346;1000.0000000000002
186;506.87432506443827;495.07501490905645;-1.949339973494574;1000.0000000000001
187;-245.94811705044583;1021.5381053148047;224.41001173564123;1000.0000000000001
188;507.7880034419229;494.92097297045257;-2.7089764123753923;1000.0000000000001
189;-246.15679473667717;1022.1630299347906;223.9937648018865;1000.0
190;508.6803307045576;494.77082297920856;-3.451153683766165;1000.0
191;-246.36022686353226;1022.7733820707383;223.5868447927939;1000.0
192;509.5518204472555;494.62445717425135;-4.17627762150687;1000.0
193;-246.55855732537054;1023.3695106593217;223.18904666604882;1000.0
194;510.4029731514278;494.481771234898;-4.884744386325849;1000.0
195;-246.7519254710005;1023.9517557998861;222.8001696711145;1000.0000000000001
196;511.2342765281003;494.3426641717557;-5.576940699855953;1000.0
197;-246.9404662963633;1024.5204490184096;222.4200172779536;1000.0
198;512.0462059359335;494.20703816228524;-6.25324409821863;1000.0000000000001
199;-247.12431057756623;1025.075913486689;222.0483970908776;1000.0000000000002
200;512.8392246526346;494.0747984858797;-6.9140231385138975;1000.0000000000003
201;-247.30358507508106;1025.6184642885482;221.68512078653333;1000.0000000000005
202;513.6137843381899;493.94585332204883;-7.559637660238252;1000.0000000000005
203;-247.47841261049211;1026.1484085938619;221.3300040166306;1000.0000000000003
204;514.3703251742827;493.8201137720755;-8.190438946357716;1000.0000000000005
205;-247.64891232134858;1026.666045954728;220.982866366621;1000.0000000000003
206;515.1092764724956;493.697493550382;-8.806770022877117;1000.0000000000005
207;-247.8151996245699;1027.1716683945715;220.64353122999884;1000.0000000000005
208;515.8310565311399;493.57790919825015;-9.408965729389564;1000.0000000000005
209;-247.97738661535334;1027.6655608000328;220.3118258153212;1000.0000000000007
210;516.5360736300275;493.46127949980394;-9.99735312983097;1000.0000000000005
211;-248.13558177380753;1028.14800082482;219.98758094898787;1000.0000000000003
212;517.2247252289241;493.34752615062405;-10.572251379547737;1000.0000000000003
213;-248.28989073795378;1028.619259538872;219.6706311990822;1000.0000000000005
214;517.8973999476306;493.2365724802157;-11.133972427846004;1000.0000000000002
215;-248.44041539212367;1029.0796008937127;219.36081449841114;1000.0000000000002
216;518.5544751606608;493.1283452363556;-11.68282039701623;1000.0000000000001
217;-248.58725559198967;1029.5292830344015;219.05797255758847;1000.0000000000002
218;519.1963214713423;493.0227715600531;-12.219093031395033;1000.0000000000005
219;-248.7305067154142;1029.96855668194;218.76195003347456;1000.0000000000005
220;519.8232962979142;492.9197835662296;-12.743079864143311;1000.0000000000006
221;-248.8702638136415;1030.3976681419751;218.472595671667;1000.0000000000007
222;520.4357546967216;492.81931087762405;-13.255065574345025;1000.0000000000006
223;-249.006615260422;1030.8168549465777;218.18976031384483;1000.0000000000005
224;521.0340327505002;492.72129232681027;-13.755325077309863;1000.0000000000006
225;-249.1396531387279;1031.2263532312472;217.9132999074812;1000.0000000000005
226;521.6184747159168;492.62565707893214;-14.244131794848357;1000.0000000000006
227;-249.26945683839983;1031.6263863237211;217.64307051467924;1000.0000000000006
228;522.1893900988258;492.5323547159717;-14.721744814796864;1000.0000000000007
229;-249.39611964038954;1032.0171834753733;217.3789361650169;1000.0000000000007
230;522.7471232424966;492.4413066993628;-15.188429941858772;1000.0000000000007
231;-249.51970608610713;1032.3989500532093;217.12075603289847;1000.0000000000007
232;523.2919416565401;492.3524844875993;-15.644426144138635;1000.0000000000008
233;-249.64032110427206;1032.771916100383;216.8684050038899;1000.0000000000007
234;523.8242171840498;492.2657830274924;-16.09000021154131;1000.0000000000008
235;-249.75799813855872;1033.1362579683869;216.62174017017264;1000.0000000000008
236;524.344132645079;492.1812258234037;-16.525358468481897;1000.0000000000007
237;-249.8728812306141;1033.492226084349;216.38065514626578;1000.0000000000008
238;524.8521595527985;492.0986312061924;-16.95079075899011;1000.0000000000008
239;-249.98492835184027;1033.8399369914023;216.1449913604387;1000.0000000000007
240;525.34827937636;492.01815656691474;-17.366435943273956;1000.0000000000008
241;-250.09439654671144;1034.1797136330083;215.91468291370393;1000.0000000000008
242;525.8332576589827;491.9394081216128;-17.77266578059468;1000.0000000000008
243;-250.20104697127567;1034.5115279626466;215.68951900862987;1000.0000000000008
244;526.3065552290493;491.86290056553423;-18.16945579458269;1000.0000000000009
245;-250.3054512957949;1034.8359171302086;215.46953416558742;1000.0000000000011
246;526.7697624673292;491.78765738638185;-18.557419853709916;1000.0000000000011
247;-250.40683993003677;1035.152474628468;215.25436530156966;1000.000000000001
248;527.22094012238;491.7151654048621;-18.936105527241068;1000.0000000000009
249;-250.5066552091689;1035.4623420217963;215.04431318737366;1000.000000000001
250;527.6639684756291;491.64284191910235;-19.30681039473035;1000.0000000000011
251;-250.60267064338063;1035.7640851669375;214.8385854764443;1000.0000000000013
252;528.0930670546169;491.57485196246034;-19.66791901707606;1000.0000000000011
253;-250.69874672470792;1036.0605354848715;214.63821123983757;1000.0000000000011
254;528.5184866062533;491.50415551887227;-20.02264212512449;1000.0000000000011
255;-250.7886107003036;1036.347415698817;214.44119500148759;1000.000000000001
256;528.9237750575654;491.44236900762326;-20.36614406518771;1000.0000000000009
257;-250.88288405867013;1036.6322927233937;214.2505913352773;1000.0000000000009
258;529.3370138617196;491.36998720841495;-20.707001070133742;1000.0000000000008
259;-250.9639513288016;1036.9029298449402;214.06102148386228;1000.0000000000009
260;529.7118179260906;491.3195376300256;-21.031355556115244;1000.0000000000009
261;-251.06147845573082;1037.1802433596654;213.8812350960663;1000.0000000000009
262;530.1265375131261;491.2363830539706;-21.362920567095756;1000.0000000000009
263;-251.12579103349333;1037.4295103684462;213.69628066504794;1000.0000000000009
264;530.4501282648039;491.2122038752552;-21.662332140058226;1000.0000000000009
265;-251.24060138779453;1037.7095414389382;213.53105994885712;1000.0000000000008
266;530.9037063831195;491.09259599739914;-21.996302380517903;1000.0000000000007
267;-251.26493179386182;1037.921583403864;213.3433483899986;1000.0000000000007
268;531.1149557901849;491.1378306471373;-22.252786437321618;1000.0000000000007
269;-251.4369858429401;1038.2327768817418;213.20420896119896;1000.0000000000007
270;531.7133742245326;490.9081299382801;-22.62150416281196;1000.0000000000007
271;-251.35388038668202;1038.3607064987268;212.99317388795606;1000.0000000000009
272;531.6340980718528;491.1476994362454;-22.781797508097327;1000.0000000000009
273;-251.6984945577085;1038.7843303999289;212.91416415778022;1000.0000000000006
274;532.6828618376896;490.59482407017026;-23.277685907859365;1000.0000000000006
275;-251.31150282767885;1038.6907853386874;212.62071748899214;1000.0000000000007
276;531.7933238825037;491.39230231362194;-23.1856261961249;1000.0000000000008
277;-252.16411345040774;1039.4624455085811;212.7016679418273;1000.0000000000007
278;534.1812646595847;489.89553339755446;-24.076798057138348;1000.0000000000007
279;-250.89778208457767;1038.7442794025562;212.15350268202224;1000.0000000000008
280;530.9581254808551;492.31578135148914;-23.273906832343243;1000.0000000000009
281;-253.23906775223247;1040.5520356718077;212.68703208042564;1000.0000000000009
282;537.2862146314166;488.05796925630546;-25.344183887721158;1000.0000000000009
283;-249.39424183583333;1038.0181331591348;211.37610867669966;1000.0000000000011
284;527.2329941573752;495.2434348088201;-22.476428966194106;1000.0000000000011
285;-256.09304275573595;1042.8741293524934;213.21891340324385;1000.0000000000013
286;545.125384235621;482.89732654982015;-28.02271078544001;1000.0000000000011
287;-244.59338780985354;1034.9653652580337;209.6280225518212;1000.0000000000014
288;514.8436670531213;504.21111369165965;-19.054780744779663;1000.0000000000013
289;-263.92602917273564;1048.6741969093648;215.25183226337214;1000.0000000000014
290;566.3912208858527;468.34071416181393;-34.73193504766542;1000.0000000000013
291;-229.40098576813318;1024.614330690013;204.7866550781212;1000.0000000000011
292;475.7416267092018;531.8329675208918;-7.574594230092401;1000.0000000000011
293;-283.30361660871165;1062.5646335278393;220.7389830808734;1000.000000000001
294;619.78159406813;431.32907226825034;-51.11066633637918;1000.0000000000011
295;-182.20786586690144;991.8303691534768;190.37749671342598;1000.0000000000014
296;359.9500187294067;613.0414170373285;27.008564233266156;1000.0000000000014
297;-302.0427899040586;1076.0664187418163;225.9763711622437;1000.0000000000014
298;673.011519812483;394.48612286195566;-67.49764267443715;1000.0000000000016
299;-123.46959546429309;951.020938648767;172.44865681552764;1000.0000000000016
300;228.7969162548136;705.0353974180833;66.16768632710462;1000.0000000000016
301;-255.13285808441975;1043.6767132350724;211.4561448493488;1000.0000000000015
302;543.6958102070323;485.356074021465;-29.051884228495965;1000.0000000000014
303;-247.96238150498198;1038.7699851877971;209.1923963171863;1000.0000000000015
304;524.7652565842012;498.70460010703584;-23.46985669123555;1000.0000000000015
305;-260.3432857204692;1047.5706464099767;212.77263931049376;1000.0000000000013
306;557.8406666115984;475.70926288491376;-33.54992949651103;1000.000000000001
307;-238.26925035149884;1032.2085461307283;206.06070422077173;1000.0000000000013
308;499.5614191274386;516.5494152873283;-16.110834414765776;1000.0000000000011
309;-274.58305772372046;1057.7890021581195;216.7940555656022;1000.0000000000013
310;596.7697581935784;448.7353885139428;-45.50514670751977;1000.0000000000014
311;-206.60536969552288;1010.2396963274321;196.36567336809227;1000.0000000000015
312;419.5574681269428;572.6827612156915;7.75977065736717;1000.0000000000015
313;-301.26251987986336;1076.7539079951564;224.50861188470847;1000.0000000000015
314;671.8942669594708;396.4879808065898;-68.38224776605901;1000.0000000000016
315;-127.29973670738241;954.9118551626858;172.38788154469808;1000.0000000000015
316;237.38034651552158;700.2323759853927;62.38727749908726;1000.0000000000016
317;-261.2838656428769;1049.158577617778;212.12528802510047;1000.0000000000016
318;561.1007608541892;474.34930808444005;-35.45006893862754;1000.0000000000016
319;-237.3725121763233;1032.4871992772667;204.8853128990584;1000.0000000000017
320;497.8797286706995;518.622111301165;-16.50183997186278;1000.0000000000017
321;-276.7545795010485;1060.1989883503406;216.5555911507096;1000.0000000000017
322;603.4901961239581;444.9164467448421;-48.406642868798514;1000.0000000000017
323;-202.01794499049993;1007.8915692923986;194.12637569810295;1000.0000000000016
324;408.81860581460137;581.0452295408182;10.13616464458201;1000.0000000000016
325;-303.8076961537056;1079.3938211708937;224.41387498281372;1000.0000000000018
326;679.9767540037167;391.68503711437245;-71.66179111808745;1000.0000000000018
327;-119.03340638285215;949.9555082277934;169.0778981550604;1000.0000000000017
328;220.1959137866712;713.0667296842948;66.73735652903562;1000.0000000000017
329;-250.84722661444852;1042.6844974441556;208.16272917029454;1000.0000000000016
330;533.8163166387908;494.25079723197655;-28.06711387076581;1000.0000000000016
331;-257.701103583688;1047.5661365656429;210.13496701804672;1000.0000000000016
332;552.1757448259117;481.4959912455199;-33.67173607143002;1000.0000000000015
333;-245.4354779641452;1039.0393055826712;206.39617238147548;1000.0000000000015
334;519.6158478035042;504.3219037911673;-23.937751594669976;1000.0000000000015
335;-266.5451130094698;1053.914814692106;212.63029831736546;1000.0000000000016
336;576.2024171439155;464.8513014549003;-41.053718598814356;1000.0000000000014
337;-227.34291338850983;1026.4986980587537;200.84421532975753;1000.0000000000014
338;472.7587004300582;537.2086676256652;-9.967368055721977;1000.0000000000014
339;-289.1515142693594;1069.9189029351303;219.23261133423054;1000.0000000000015
340;638.9544985179547;421.14786858308355;-60.10236710103666;1000.0000000000016
341;-168.32847699927424;985.2838822726513;183.04459472662447;1000.0000000000016
342;329.22552894538865;637.6581955816544;33.11627547295862;1000.0000000000016
343;-300.57454123480807;1078.178632991467;222.3959082433427;1000.0000000000017
344;671.6446027069402;398.54861677344206;-70.19321948038046;1000.0000000000017
345;-131.40447940965691;959.6526866629631;171.7517927466956;1000.0000000000018
346;246.90350570541892;695.4232105304673;57.673283764115524;1000.0000000000016
347;-268.20378018125103;1055.8219469944827;212.38183318676994;1000.0000000000016
348;581.3225319654953;462.0091430434469;-43.33167500894041;1000.0000000000016
349;-224.40644251018045;1025.1674309582959;199.23901155188625;1000.0000000000017
350;465.75608596577615;542.821644698135;-8.577730663909449;1000.0000000000016
351;-292.71136787054957;1073.1288411628893;219.5825267076616;1000.0000000000014
352;649.6396651238316;414.38623196602873;-64.02589708985886;1000.0000000000015
353;-157.96553377518035;978.7192518895623;179.2462818856195;1000.0000000000015
354;305.8461933471594;654.6855401890056;39.46826646383656;1000.0000000000015
355;-294.85304757154887;1074.875537690087;219.97750988146356;1000.0000000000017
356;655.9379365725392;410.22677084046825;-66.164707413006;1000.0000000000014
357;-151.31196820319872;974.2959950459272;177.01597315727298;1000.0000000000014
358;290.95596566548085;665.327289101221;43.71674523329955;1000.0000000000015
359;-289.7868659866461;1071.5753946757084;218.21147131093923;1000.0000000000016
360;641.7985598877847;420.35792441072965;-62.15648429851282;1000.0000000000016
361;-167.556771684889;985.9268902285038;181.62988145638667;1000.0000000000015
362;328.0394088471411;639.6583058989618;32.302285253898646;1000.0000000000015
363;-301.45998874663644;1079.9589464759922;221.5010422706458;1000.0000000000016
364;675.2332468078095;397.1872320218399;-72.42047882964786;1000.0000000000014
